"Points_Y","velocity_X"
0,-0.00220006
0.001,-0.00662485
0.002,-0.0110452
0.003,-0.0153819
0.004,-0.0197099
0.005,-0.0239602
0.006,-0.0281976
0.007,-0.0323626
0.008,-0.0365107
0.009,-0.0405918
0.01,-0.0446519
0.011,-0.0486501
0.012,-0.0526234
0.013,-0.0565399
0.014,-0.0604277
0.015,-0.0642635
0.016,-0.0680671
0.017,-0.0718235
0.018,-0.0755442
0.019,-0.0792223
0.02,-0.0828615
0.021,-0.0864628
0.022,-0.0900221
0.023,-0.093548
0.024,-0.0970289
0.025,-0.100481
0.026,-0.103885
0.027,-0.107266
0.028,-0.110596
0.029,-0.113906
0.03,-0.117164
0.031,-0.120405
0.032,-0.123593
0.033,-0.126769
0.034,-0.129889
0.035,-0.133001
0.036,-0.136056
0.037,-0.139106
0.038,-0.142099
0.039,-0.145089
0.04,-0.148023
0.041,-0.150954
0.042,-0.153834
0.043,-0.156708
0.044,-0.159537
0.045,-0.162357
0.046,-0.165136
0.047,-0.167905
0.048,-0.170637
0.049,-0.173358
0.05,-0.176046
0.051,-0.178721
0.052,-0.181368
0.053,-0.184
0.054,-0.186607
0.055,-0.189198
0.056,-0.191768
0.057,-0.194321
0.058,-0.196855
0.059,-0.199372
0.06,-0.201873
0.061,-0.204356
0.062,-0.206825
0.063,-0.209276
0.064,-0.211716
0.065,-0.214136
0.066,-0.216547
0.067,-0.218938
0.068,-0.221321
0.069,-0.223685
0.07,-0.226042
0.071,-0.228378
0.072,-0.23071
0.073,-0.23302
0.074,-0.235327
0.075,-0.237612
0.076,-0.239895
0.077,-0.242154
0.078,-0.244412
0.079,-0.246647
0.08,-0.24888
0.081,-0.251091
0.082,-0.253299
0.083,-0.255486
0.084,-0.257668
0.085,-0.259831
0.086,-0.261987
0.087,-0.264124
0.088,-0.266254
0.089,-0.268365
0.09,-0.270467
0.091,-0.272552
0.092,-0.274626
0.093,-0.276683
0.094,-0.278727
0.095,-0.280756
0.096,-0.282769
0.097,-0.284768
0.098,-0.28675
0.099,-0.288718
0.1,-0.290667
0.101,-0.292602
0.102,-0.294516
0.103,-0.296418
0.104,-0.298296
0.105,-0.300162
0.106,-0.302003
0.107,-0.303833
0.108,-0.305634
0.109,-0.307427
0.11,-0.309187
0.111,-0.310941
0.112,-0.312659
0.113,-0.314372
0.114,-0.316045
0.115,-0.317716
0.116,-0.319344
0.117,-0.32097
0.118,-0.322552
0.119,-0.324131
0.12,-0.325667
0.121,-0.327197
0.122,-0.328685
0.123,-0.330165
0.124,-0.331605
0.125,-0.333032
0.126,-0.334422
0.127,-0.335797
0.128,-0.337136
0.129,-0.338457
0.13,-0.339743
0.131,-0.341009
0.132,-0.342242
0.133,-0.34345
0.134,-0.344629
0.135,-0.34578
0.136,-0.346903
0.137,-0.347995
0.138,-0.349063
0.139,-0.350096
0.14,-0.351106
0.141,-0.352079
0.142,-0.353031
0.143,-0.353943
0.144,-0.354838
0.145,-0.355688
0.146,-0.356524
0.147,-0.357312
0.148,-0.358089
0.149,-0.358815
0.15,-0.359531
0.151,-0.360195
0.152,-0.360852
0.153,-0.361453
0.154,-0.36205
0.155,-0.362587
0.156,-0.363121
0.157,-0.363599
0.158,-0.36407
0.159,-0.364488
0.16,-0.364896
0.161,-0.365254
0.162,-0.3656
0.163,-0.365899
0.164,-0.366182
0.165,-0.366421
0.166,-0.366643
0.167,-0.366823
0.168,-0.366983
0.169,-0.367106
0.17,-0.367206
0.171,-0.367271
0.172,-0.36731
0.173,-0.367318
0.174,-0.367297
0.175,-0.36725
0.176,-0.367171
0.177,-0.367068
0.178,-0.366932
0.179,-0.366774
0.18,-0.366581
0.181,-0.36637
0.182,-0.366122
0.183,-0.36586
0.184,-0.365557
0.185,-0.365243
0.186,-0.364887
0.187,-0.364523
0.188,-0.364115
0.189,-0.363702
0.19,-0.363245
0.191,-0.362784
0.192,-0.362278
0.193,-0.361769
0.194,-0.361217
0.195,-0.360661
0.196,-0.360065
0.197,-0.359464
0.198,-0.358825
0.199,-0.358179
0.2,-0.357501
0.201,-0.356813
0.202,-0.356094
0.203,-0.355365
0.204,-0.354609
0.205,-0.353841
0.206,-0.353048
0.207,-0.352243
0.208,-0.351415
0.209,-0.350574
0.21,-0.349714
0.211,-0.348838
0.212,-0.347946
0.213,-0.347038
0.214,-0.346116
0.215,-0.345177
0.216,-0.344226
0.217,-0.343258
0.218,-0.342281
0.219,-0.341286
0.22,-0.340283
0.221,-0.339262
0.222,-0.338235
0.223,-0.337191
0.224,-0.336141
0.225,-0.335074
0.226,-0.334004
0.227,-0.332916
0.228,-0.331827
0.229,-0.33072
0.23,-0.329612
0.231,-0.328489
0.232,-0.327364
0.233,-0.326225
0.234,-0.325084
0.235,-0.323931
0.236,-0.322776
0.237,-0.321611
0.238,-0.320443
0.239,-0.319266
0.24,-0.318087
0.241,-0.316901
0.242,-0.315712
0.243,-0.314516
0.244,-0.313319
0.245,-0.312116
0.246,-0.310911
0.247,-0.309702
0.248,-0.30849
0.249,-0.307276
0.25,-0.306059
0.251,-0.304841
0.252,-0.30362
0.253,-0.302398
0.254,-0.301175
0.255,-0.299951
0.256,-0.298726
0.257,-0.297501
0.258,-0.296275
0.259,-0.295049
0.26,-0.293823
0.261,-0.292598
0.262,-0.291373
0.263,-0.290148
0.264,-0.288925
0.265,-0.287702
0.266,-0.286482
0.267,-0.285261
0.268,-0.284044
0.269,-0.282826
0.27,-0.281613
0.271,-0.280399
0.272,-0.27919
0.273,-0.277981
0.274,-0.276776
0.275,-0.275572
0.276,-0.274372
0.277,-0.273174
0.278,-0.27198
0.279,-0.270787
0.28,-0.269599
0.281,-0.268412
0.282,-0.267231
0.283,-0.266051
0.284,-0.264876
0.285,-0.263703
0.286,-0.262535
0.287,-0.261369
0.288,-0.260208
0.289,-0.25905
0.29,-0.257895
0.291,-0.256745
0.292,-0.255598
0.293,-0.254456
0.294,-0.253316
0.295,-0.252182
0.296,-0.25105
0.297,-0.249923
0.298,-0.248799
0.299,-0.247681
0.3,-0.246564
0.301,-0.245453
0.302,-0.244344
0.303,-0.243242
0.304,-0.242141
0.305,-0.241046
0.306,-0.239953
0.307,-0.238867
0.308,-0.237781
0.309,-0.236702
0.31,-0.235624
0.311,-0.234553
0.312,-0.233483
0.313,-0.232419
0.314,-0.231357
0.315,-0.230301
0.316,-0.229246
0.317,-0.228197
0.318,-0.227149
0.319,-0.226107
0.32,-0.225066
0.321,-0.224031
0.322,-0.222998
0.323,-0.221969
0.324,-0.220943
0.325,-0.21992
0.326,-0.218901
0.327,-0.217885
0.328,-0.216872
0.329,-0.215862
0.33,-0.214855
0.331,-0.213851
0.332,-0.212851
0.333,-0.211853
0.334,-0.210858
0.335,-0.209865
0.336,-0.208876
0.337,-0.207889
0.338,-0.206905
0.339,-0.205923
0.34,-0.204945
0.341,-0.203967
0.342,-0.202994
0.343,-0.202021
0.344,-0.201053
0.345,-0.200085
0.346,-0.199121
0.347,-0.198157
0.348,-0.197198
0.349,-0.196238
0.35,-0.195283
0.351,-0.194327
0.352,-0.193376
0.353,-0.192424
0.354,-0.191476
0.355,-0.190528
0.356,-0.189583
0.357,-0.188639
0.358,-0.187697
0.359,-0.186756
0.36,-0.185817
0.361,-0.18488
0.362,-0.183943
0.363,-0.183008
0.364,-0.182075
0.365,-0.181143
0.366,-0.180212
0.367,-0.179282
0.368,-0.178353
0.369,-0.177426
0.37,-0.176499
0.371,-0.175574
0.372,-0.17465
0.373,-0.173727
0.374,-0.172804
0.375,-0.171883
0.376,-0.170962
0.377,-0.170042
0.378,-0.169123
0.379,-0.168205
0.38,-0.167287
0.381,-0.16637
0.382,-0.165454
0.383,-0.164538
0.384,-0.163623
0.385,-0.162709
0.386,-0.161795
0.387,-0.160881
0.388,-0.159968
0.389,-0.159056
0.39,-0.158144
0.391,-0.157232
0.392,-0.156321
0.393,-0.15541
0.394,-0.154499
0.395,-0.153589
0.396,-0.152679
0.397,-0.151769
0.398,-0.150859
0.399,-0.14995
0.4,-0.149041
0.401,-0.148132
0.402,-0.147223
0.403,-0.146314
0.404,-0.145405
0.405,-0.144497
0.406,-0.143588
0.407,-0.14268
0.408,-0.141772
0.409,-0.140863
0.41,-0.139955
0.411,-0.139047
0.412,-0.138139
0.413,-0.13723
0.414,-0.136322
0.415,-0.135414
0.416,-0.134505
0.417,-0.133597
0.418,-0.132688
0.419,-0.131779
0.42,-0.130871
0.421,-0.129962
0.422,-0.129053
0.423,-0.128144
0.424,-0.127234
0.425,-0.126325
0.426,-0.125415
0.427,-0.124505
0.428,-0.123596
0.429,-0.122686
0.43,-0.121775
0.431,-0.120865
0.432,-0.119954
0.433,-0.119043
0.434,-0.118132
0.435,-0.117221
0.436,-0.116309
0.437,-0.115397
0.438,-0.114485
0.439,-0.113573
0.44,-0.112661
0.441,-0.111748
0.442,-0.110835
0.443,-0.109922
0.444,-0.109008
0.445,-0.108095
0.446,-0.107181
0.447,-0.106266
0.448,-0.105352
0.449,-0.104437
0.45,-0.103522
0.451,-0.102607
0.452,-0.101691
0.453,-0.100775
0.454,-0.0998592
0.455,-0.0989426
0.456,-0.098026
0.457,-0.0971089
0.458,-0.0961916
0.459,-0.0952739
0.46,-0.0943561
0.461,-0.0934378
0.462,-0.0925194
0.463,-0.0916005
0.464,-0.0906815
0.465,-0.0897619
0.466,-0.0888423
0.467,-0.0879222
0.468,-0.0870019
0.469,-0.0860812
0.47,-0.0851603
0.471,-0.084239
0.472,-0.0833175
0.473,-0.0823956
0.474,-0.0814734
0.475,-0.0805509
0.476,-0.0796281
0.477,-0.078705
0.478,-0.0777816
0.479,-0.0768578
0.48,-0.0759337
0.481,-0.0750093
0.482,-0.0740846
0.483,-0.0731596
0.484,-0.0722342
0.485,-0.0713086
0.486,-0.0703825
0.487,-0.0694562
0.488,-0.0685295
0.489,-0.0676026
0.49,-0.0666752
0.491,-0.0657477
0.492,-0.0648196
0.493,-0.0638914
0.494,-0.0629627
0.495,-0.0620339
0.496,-0.0611045
0.497,-0.0601749
0.498,-0.0592448
0.499,-0.0583146
0.5,-0.0573838
0.501,-0.056453
0.502,-0.0555215
0.503,-0.0545899
0.504,-0.0536578
0.505,-0.0527256
0.506,-0.0517927
0.507,-0.0508597
0.508,-0.0499262
0.509,-0.0489926
0.51,-0.0480583
0.511,-0.0471239
0.512,-0.046189
0.513,-0.0452538
0.514,-0.0443182
0.515,-0.0433823
0.516,-0.042446
0.517,-0.0415093
0.518,-0.0405723
0.519,-0.0396349
0.52,-0.0386971
0.521,-0.0377589
0.522,-0.0368204
0.523,-0.0358815
0.524,-0.0349422
0.525,-0.0340025
0.526,-0.0330624
0.527,-0.0321219
0.528,-0.0311811
0.529,-0.0302397
0.53,-0.0292982
0.531,-0.028356
0.532,-0.0274136
0.533,-0.0264706
0.534,-0.0255275
0.535,-0.0245836
0.536,-0.0236397
0.537,-0.022695
0.538,-0.0217502
0.539,-0.0208046
0.54,-0.019859
0.541,-0.0189125
0.542,-0.017966
0.543,-0.0170187
0.544,-0.0160712
0.545,-0.0151231
0.546,-0.0141748
0.547,-0.0132258
0.548,-0.0122766
0.549,-0.0113266
0.55,-0.0103764
0.551,-0.00942553
0.552,-0.00847439
0.553,-0.00752263
0.554,-0.00657045
0.555,-0.00561776
0.556,-0.00466464
0.557,-0.003711
0.558,-0.00275682
0.559,-0.00180221
0.56,-0.000847056
0.561,0.000108539
0.562,0.0010647
0.563,0.0020213
0.564,0.00297846
0.565,0.00393595
0.566,0.00489413
0.567,0.00585261
0.568,0.00681188
0.569,0.00777136
0.57,0.00873164
0.571,0.00969213
0.572,0.0106536
0.573,0.0116151
0.574,0.0125776
0.575,0.0135402
0.576,0.0145038
0.577,0.0154675
0.578,0.0164323
0.579,0.0173972
0.58,0.0183631
0.581,0.0193291
0.582,0.0202962
0.583,0.0212635
0.584,0.0222318
0.585,0.0232003
0.586,0.0241698
0.587,0.0251396
0.588,0.0261103
0.589,0.0270814
0.59,0.0280534
0.591,0.0290259
0.592,0.0299992
0.593,0.030973
0.594,0.0319476
0.595,0.0329228
0.596,0.0338988
0.597,0.0348755
0.598,0.0358528
0.599,0.0368309
0.6,0.0378097
0.601,0.0387893
0.602,0.0397695
0.603,0.0407506
0.604,0.0417322
0.605,0.042715
0.606,0.0436982
0.607,0.0446825
0.608,0.0456672
0.609,0.0466532
0.61,0.0476395
0.611,0.0486271
0.612,0.049615
0.613,0.0506043
0.614,0.0515939
0.615,0.052585
0.616,0.0535762
0.617,0.0545691
0.618,0.0555621
0.619,0.0565568
0.62,0.0575516
0.621,0.058548
0.622,0.0595447
0.623,0.060543
0.624,0.0615416
0.625,0.0625417
0.626,0.0635423
0.627,0.0645442
0.628,0.0655469
0.629,0.0665507
0.63,0.0675554
0.631,0.0685612
0.632,0.069568
0.633,0.0705759
0.634,0.0715847
0.635,0.0725946
0.636,0.0736056
0.637,0.0746177
0.638,0.0756309
0.639,0.0766451
0.64,0.0776606
0.641,0.0786768
0.642,0.0796947
0.643,0.0807132
0.644,0.0817334
0.645,0.0827541
0.646,0.0837767
0.647,0.0847998
0.648,0.0858247
0.649,0.0868501
0.65,0.0878776
0.651,0.0889055
0.652,0.0899355
0.653,0.0909656
0.654,0.0919982
0.655,0.0930309
0.656,0.0940662
0.657,0.0951015
0.658,0.0961392
0.659,0.0971772
0.66,0.0982176
0.661,0.0992583
0.662,0.100301
0.663,0.101345
0.664,0.102391
0.665,0.103437
0.666,0.104485
0.667,0.105535
0.668,0.106585
0.669,0.107637
0.67,0.108691
0.671,0.109747
0.672,0.110803
0.673,0.111862
0.674,0.112921
0.675,0.113982
0.676,0.115045
0.677,0.116109
0.678,0.117174
0.679,0.118242
0.68,0.11931
0.681,0.120381
0.682,0.121452
0.683,0.122526
0.684,0.123601
0.685,0.124678
0.686,0.125755
0.687,0.126836
0.688,0.127916
0.689,0.129
0.69,0.130084
0.691,0.131171
0.692,0.132258
0.693,0.133349
0.694,0.134439
0.695,0.135533
0.696,0.136627
0.697,0.137724
0.698,0.138821
0.699,0.139922
0.7,0.141023
0.701,0.142126
0.702,0.143231
0.703,0.144338
0.704,0.145446
0.705,0.146556
0.706,0.147668
0.707,0.148781
0.708,0.149896
0.709,0.151014
0.71,0.152133
0.711,0.153253
0.712,0.154376
0.713,0.155499
0.714,0.156625
0.715,0.157753
0.716,0.158882
0.717,0.160013
0.718,0.161147
0.719,0.162281
0.72,0.163417
0.721,0.164555
0.722,0.165695
0.723,0.166837
0.724,0.167981
0.725,0.169125
0.726,0.170273
0.727,0.17142
0.728,0.172571
0.729,0.173723
0.73,0.174877
0.731,0.176032
0.732,0.17719
0.733,0.178348
0.734,0.179509
0.735,0.180671
0.736,0.181835
0.737,0.183
0.738,0.184168
0.739,0.185336
0.74,0.186507
0.741,0.187679
0.742,0.188853
0.743,0.190027
0.744,0.191204
0.745,0.192383
0.746,0.193562
0.747,0.194744
0.748,0.195927
0.749,0.197111
0.75,0.198296
0.751,0.199483
0.752,0.200671
0.753,0.201861
0.754,0.203052
0.755,0.204245
0.756,0.205438
0.757,0.206633
0.758,0.207829
0.759,0.209027
0.76,0.210226
0.761,0.211426
0.762,0.212626
0.763,0.213828
0.764,0.215031
0.765,0.216236
0.766,0.21744
0.767,0.218647
0.768,0.219853
0.769,0.221061
0.77,0.222269
0.771,0.223479
0.772,0.224688
0.773,0.2259
0.774,0.227111
0.775,0.228323
0.776,0.229536
0.777,0.230749
0.778,0.231963
0.779,0.233177
0.78,0.234391
0.781,0.235606
0.782,0.236821
0.783,0.238036
0.784,0.239252
0.785,0.240468
0.786,0.241683
0.787,0.242899
0.788,0.244115
0.789,0.24533
0.79,0.246546
0.791,0.247761
0.792,0.248976
0.793,0.25019
0.794,0.251404
0.795,0.252618
0.796,0.253831
0.797,0.255043
0.798,0.256255
0.799,0.257466
0.8,0.258676
0.801,0.259886
0.802,0.261093
0.803,0.262301
0.804,0.263507
0.805,0.264713
0.806,0.265916
0.807,0.267119
0.808,0.268319
0.809,0.269519
0.81,0.270716
0.811,0.271913
0.812,0.273107
0.813,0.2743
0.814,0.27549
0.815,0.276679
0.816,0.277865
0.817,0.27905
0.818,0.280232
0.819,0.281413
0.82,0.28259
0.821,0.283765
0.822,0.284937
0.823,0.286107
0.824,0.287273
0.825,0.288437
0.826,0.289598
0.827,0.290756
0.828,0.291911
0.829,0.293062
0.83,0.29421
0.831,0.295355
0.832,0.296496
0.833,0.297633
0.834,0.298767
0.835,0.299896
0.836,0.301023
0.837,0.302143
0.838,0.303262
0.839,0.304374
0.84,0.305484
0.841,0.306587
0.842,0.307689
0.843,0.308783
0.844,0.309875
0.845,0.310959
0.846,0.312041
0.847,0.313115
0.848,0.314188
0.849,0.31525
0.85,0.316312
0.851,0.317364
0.852,0.318414
0.853,0.319455
0.854,0.320494
0.855,0.321524
0.856,0.322551
0.857,0.323569
0.858,0.324583
0.859,0.325589
0.86,0.32659
0.861,0.327583
0.862,0.328572
0.863,0.329552
0.864,0.330527
0.865,0.331494
0.866,0.332455
0.867,0.333409
0.868,0.334356
0.869,0.335297
0.87,0.336229
0.871,0.337156
0.872,0.338074
0.873,0.338987
0.874,0.33989
0.875,0.340789
0.876,0.341677
0.877,0.342562
0.878,0.343436
0.879,0.344308
0.88,0.345167
0.881,0.346024
0.882,0.34687
0.883,0.347714
0.884,0.348546
0.885,0.349377
0.886,0.350196
0.887,0.351014
0.888,0.351821
0.889,0.352628
0.89,0.353424
0.891,0.35422
0.892,0.355007
0.893,0.355793
0.894,0.356573
0.895,0.357351
0.896,0.358125
0.897,0.358897
0.898,0.359667
0.899,0.360436
0.9,0.361205
0.901,0.361975
0.902,0.362746
0.903,0.363519
0.904,0.364296
0.905,0.365078
0.906,0.365864
0.907,0.366659
0.908,0.36746
0.909,0.368274
0.91,0.369096
0.911,0.369936
0.912,0.370784
0.913,0.371657
0.914,0.37254
0.915,0.373456
0.916,0.374381
0.917,0.37535
0.918,0.376327
0.919,0.377359
0.92,0.378399
0.921,0.379507
0.922,0.380621
0.923,0.381821
0.924,0.383025
0.925,0.384329
0.926,0.385641
0.927,0.387063
0.928,0.388502
0.929,0.390059
0.93,0.391644
0.931,0.393356
0.932,0.395108
0.933,0.396995
0.934,0.398937
0.935,0.401023
0.936,0.403181
0.937,0.405489
0.938,0.40789
0.939,0.410446
0.94,0.413119
0.941,0.415949
0.942,0.418925
0.943,0.422059
0.944,0.425369
0.945,0.428837
0.946,0.432515
0.947,0.436347
0.948,0.440429
0.949,0.444658
0.95,0.449178
0.951,0.453834
0.952,0.458828
0.953,0.463946
0.954,0.46945
0.955,0.475061
0.956,0.481109
0.957,0.487244
0.958,0.493869
0.959,0.500559
0.96,0.507793
0.961,0.515065
0.962,0.522936
0.963,0.530837
0.964,0.539345
0.965,0.547909
0.966,0.557063
0.967,0.566307
0.968,0.576119
0.969,0.586055
0.97,0.596531
0.971,0.607164
0.972,0.6183
0.973,0.629626
0.974,0.641415
0.975,0.653421
0.976,0.665845
0.977,0.678507
0.978,0.691537
0.979,0.70482
0.98,0.718422
0.981,0.73228
0.982,0.746403
0.983,0.760778
0.984,0.775366
0.985,0.790188
0.986,0.805171
0.987,0.82036
0.988,0.835662
0.989,0.851127
0.99,0.866661
0.991,0.8823
0.992,0.897974
0.993,0.913683
0.994,0.929401
0.995,0.945071
0.996,0.960731
0.997,0.976253
0.998,0.991761
0.999,nan
1,nan
